Abbott | abbots
Abe's | abets
Ac's | acts
Acadia | acacia
Acadia's | acacia's
Ada | adz
Ada's | adz's
Adele | addle
Aimee | aimed
Amie | amid
Argo's | argots
Asia | aria
Asia's | aria's
Ats | ass
Au | at
Audi's | audits
Ba's | bats
Baggies | baggier
Ball | balk
Ball's | balk's
Bass | bars
Bates | bases
Bean | beam
Bean's | beam's
Beau | beat
Beau's | beat's
Behan | began
Ben's | bents
Bern | berm
Bern's | berm's
Bic | bib
Bic's | bib's
Bill | bilk
Bligh's | blights
Boas | boar
Boas's | boar's
Boas's | boasts
Bob | boa
Bob's | boa's
Boeing | boding
Bose | bore
Bose's | bore's
Boyer | boxer
Boyer's | boxer's
Brandt | brands
Brice | bribe
Brice's | bribe's
Bridget | bridges
Bright | aright
Burgess | burgers
Burt | burs
Ca's | cats
Cairo | cairn
Cairo's | cairn's
Calder | balder
Candy | bandy
Capet | capes
Cara's | carats
Carrier | barrier
Carrier's | barrier's
Carter | barter
Carter's | barter's
Case | base
Case | care
Case's | base's
Case's | care's
Cash | bash
Cash's | bash's
Cather | bather
Cather's | bather's
Catt | cast
Catt | cats
Catt's | cast's
Cauchy | catchy
Celt | belt
Celt's | belt's
Celts | belts
Chan's | chants
Chasity | charity
Chasity's | charity's
Chi's | chits
Chile | child
Chile's | child's
Cid | bid
Cid's | bid's
Clare | blare
Clare's | blare's
Clare's | clarets
Cline | clime
Cline's | clime's
Cody | body
Cody's | body's
Cole | bole
Cole | coke
Cole | cold
Cole's | bole's
Cole's | coke's
Cole's | cold's
Colt | bolt
Colt | cols
Colt's | bolt's
Combs | bombs
Combs | comas
Congo | bongo
Congo's | bongo's
Connie | bonnie
Cook | book
Cook | conk
Cook's | book's
Cook's | conk's
Coors | boors
Cox | box
Cox | cow
Cox's | box's
Cox's | cow's
Coy | boy
Coy | cox
Coy's | boy's
Cray | bray
Cray's | bray's
Crest | cress
Crest's | cress's
Crick | brick
Crick's | brick's
Cruise | bruise
Cruise's | bruise's
Crusades | crusader
Crusades's | crusader's
Cu's | cuts
Curt | curs
Custer | buster
Custer | curter
Custer's | buster's
Daisy | dairy
Daisy's | dairy's
Dane | cane
Dane | dame
Dane's | cane's
Dane's | dame's
Danes | canes
Danes | dames
Danny | canny
Danton | canton
Danton's | canton's
Dare | care
Dare's | care's
Darrel | carrel
Darrel's | carrel's
Dave | cave
Dave's | cave's
Dec | deb
Dec's | deb's
Dell | cell
Dell's | cell's
Denise | demise
Denise's | demise's
Desiree | desired
Dollie | collie
Dollie's | collie's
Don | con
Don's | con's
Dorset | corset
Dorset's | corset's
Dot | cot
Dot | dos
Dot's | cot's
Dover | cover
Dover's | cover's
Dow | cow
Dow's | cow's
Drew | crew
Drew's | crew's
Dulles | duller
Eire | dire
Enos | emos
Estes | ester
Estes's | ester's
Fay | fax
Fay's | fax's
Fez | fey
Flatt | flats
Fraser | eraser
Fraser's | eraser's
GE's | gets
Gable | fable
Gable's | fable's
Gail | fail
Gail's | fail's
Gall | fall
Gall's | fall's
Garrett | garrets
Gates | fates
Gates | gases
Ge's | gets
Geller | feller
Genet | genes
Gerry | ferry
Gerry's | ferry's
Gil's | gilts
Gilbert | filbert
Gilbert's | filbert's
Giles | files
Giles | gilds
Gill | fill
Gill's | fill's
Ginger | finger
Ginger's | finger's
Ginny | finny
Gish | fish
Gish's | fish's
Goa's | goats
Gog | fog
Gog's | fog's
Golding | folding
Good | food
Good's | food's
Gore | fore
Gore's | fore's
Goth | gosh
Grail | frail
Graves | graver
Gray | fray
Gray's | fray's
Greer | freer
Grieg | grief
Grieg's | grief's
Gus's | gusts
Hal | gal
Hal's | gal's
Hal's | halts
Hale | gale
Hale | hake
Hale's | gale's
Hale's | hake's
Hall | gall
Hall's | gall's
Halley | galley
Halley's | galley's
Hals | gals
Han | ham
Han's | ham's
Haney | handy
Hans | hams
Hanson | hansom
Hanson's | hansom's
Harriet | harries
Harrison | garrison
Harrison's | garrison's
Havel | gavel
Havel's | gavel's
Hawking | gawking
Hay | gay
Hay's | gay's
Hays | gays
Hess | hers
Hill | gill
Hill's | gill's
Hines | hinds
Holden | golden
Holly | golly
Holly's | golly's
Hong | gong
Hood | good
Hood's | good's
Horne's | hornets
Howe | hove
Huff | guff
Huff's | guff's
Hui | huh
Hull | gull
Hull | hulk
Hull's | gull's
Hull's | hulk's
Hun | gun
Hun | hum
Hun's | gun's
Hun's | hum's
Hun's | hunts
Huns | guns
Huns | hums
I'm | h'm
I's | its
Internet | internes
Isis | iris
Isis's | iris's
Jan | jam
Jan's | jam's
Jesus | jests
Jo's | jots
Jon | ion
Jon's | ion's
Kara's | karats
Kay | jay
Kay's | jay's
Kelly | jelly
Kelly's | jelly's
Kemp | kelp
Kemp's | kelp's
Kent | kens
Knox | know
La's | lats
Lamb | lama
Lamb's | lama's
Lana | lama
Lana's | lama's
Lance's | lancets
Lane | lame
Lane | land
Lane's | lame's
Lane's | land's
Laue | late
Laue | laud
Laue's | laud's
Le's | lets
Lee | led
Lehman | legman
Lehman's | legman's
Len | ken
Len's | ken's
Lent | lens
Lent's | lens's
Leos | lens
Lester | lesser
Lie | lid
Lie's | lid's
Lin | kin
Lin's | kin's
Lind | kind
Lind's | kind's
Linda | kinda
Lisa | lira
Lisa's | lira's
Locke's | lockets
Lott | lost
Lott | lots
Lou | lot
Lou's | lot's
Lou's | louts
Lowe | love
Lowe's | love's
Luce | lube
Luce's | lube's
Luther | lusher
MIT | lit
MIT's | mitts
Mabel | label
Mabel's | label's
Mace | lace
Mace's | lace's
Mack | lack
Mack's | lack's
Macy | lacy
Mae | mad
Mae's | mad's
Male | make
Male's | make's
Manet | manes
Manuel | mantel
Manuel's | mantel's
Mao | man
Mao's | man's
Mar's | marts
March | larch
March's | larch's
Marches | larches
Marches | marcher
Marci | march
Marci's | march's
Marge | large
Marge's | large's
Margo | largo
Margo's | largo's
Marines | mariner
Mark | lark
Mark's | lark's
Marks | larks
Marva | larva
Marva's | larva's
Mass | lass
Mass | mars
Mass's | lass's
Masses | lasses
Mather | lather
Mather | masher
Mather's | lather's
Mather's | masher's
Maud | laud
Maud's | laud's
Max | lax
Max | maw
Max's | maw's
May | lay
May's | lay's
Mayer | layer
Mayer's | layer's
Mays | lays
Mead | lead
Mead's | lead's
Meg | leg
Meg's | leg's
Mel's | melts
Menes | memes
Menes | mends
Mick | lick
Mick's | lick's
Mike | like
Mike's | like's
Miles | mikes
Miles | miler
Miles's | miler's
Mill | milk
Mill's | milk's
Miller | milker
Mills | milks
Minos | minor
Minos's | minor's
Mira | lira
Mira's | lira's
Mitty | misty
Mo | lo
Moe | mod
Moe's | mod's
Moises | moires
Moll | loll
Mons | moms
Moon | loon
Moon's | loon's
Mooney | looney
Mooney's | looney's
More | lore
More's | lore's
Moro | morn
Moro's | morn's
Moses | loses
Moses | mores
Moses's | mores's
Moss | loss
Moss's | loss's
Mott | most
Mott's | most's
Ms | ls
Munch | lunch
Munch's | lunch's
Na | ma
Na's | ma's
Nan | man
Nan's | man's
Nantes | mantes
Naples | maples
Nash | mash
Nash's | mash's
Nat | mat
Nat's | mat's
Nate | mate
Nate's | mate's
Ne | me
Ne's | nets
Neal | meal
Neal's | meal's
Ni | mi
Ni's | mi's
Ni's | nits
Nice | mice
Nike | mike
Nike's | mike's
Nile | mile
Nile's | mile's
Noe | nod
Noe's | nod's
Np | no
Np's | no's
Oates | oases
Onega | omega
Onega's | omega's
Os | or
Owen | oven
Owen's | oven's
Owens | ovens
Pa's | pats
Pam | pal
Pam's | pal's
Pan's | pants
Pat | oat
Pat | pas
Pat's | oat's
Patty | pasty
Patty | patsy
Patty's | pasty's
Patty's | patsy's
Pawnee | pawned
Pb | pa
Pb's | pa's
Peel | peek
Peel's | peek's
Perl | perk
Perl's | perk's
Peru | pert
Pickett | pickets
Pitt | pits
Pius | pits
Po's | pots
Poe | pod
Poe's | pod's
Poe's | poets
Pole | poke
Pole's | poke's
Poles | pokes
Post | port
Post's | port's
Potter | poster
Potter's | poster's
Potts | posts
Pu's | puts
Ra's | rats
Rather | rasher
Rather's | rasher's
Rene | rend
Ride | rice
Ride's | rice's
Rio | rho
Rio's | riots
Robt | robs
Rockies | rockier
Rome | role
Rome's | role's
Romes | roles
Rowe | rove
Ruiz | quiz
Ruiz's | quiz's
Ruth | rush
Ruth's | rush's
SAP | rap
SAP's | rap's
SUSE | ruse
SUSE | sure
SUSE's | ruse's
SVN | sun
SVN's | sun's
Sal's | salts
Sally | rally
Sally's | rally's
San | ran
Sandy | randy
Sang | rang
Sanger | ranger
Sanger's | ranger's
Savage | ravage
Savage's | ravage's
Se | re
Se's | re's
Se's | sets
Sean | seam
Sean's | seam's
Sears | rears
Serb | sera
Seward | reward
Seward's | reward's
Shane | shame
Shane's | shame's
Shea | rhea
Shea's | rhea's
Si | sh
Si's | sits
Siam | sham
Siam's | sham's
Sid | rid
Sid | sic
Sims | rims
Singer | ringer
Singer's | ringer's
Slater | skater
Slater's | skater's
Slurpee | slurped
Smuts | sluts
Snell | smell
Snell's | smell's
Staples | stapler
Staples's | stapler's
Stokes | stoker
Stokes's | stoker's
Stowe | stove
Stowe's | stove's
Sue | rue
Sue's | rue's
Sui's | suits
Summer | rummer
Sumner | summer
Sumner's | summer's
Sung | rung
Sung's | rung's
Tad | sad
Tao | tan
Tao's | tan's
Tass | sass
Tass | tars
Tass's | sass's
Tate | sate
Tell | sell
Tell's | sell's
Teller | seller
Teller's | seller's
Tet | set
Tet's | set's
Th | sh
Thad | shad
Thad's | shad's
Thames | shames
Tharp | sharp
Tharp's | sharp's
Ti's | tits
Tide | side
Tide's | side's
Tim | sim
Tim's | sim's
Ting | sing
Ting's | sing's
Tod | sod
Tod's | sod's
Tran | tram
Tran's | tram's
Truckee | trucked
Tucker | sucker
Tucker's | sucker's
Tums | sums
Twain | swain
Twain's | swain's
Twitter | twister
Twitter's | twister's
Ute | use
Ute's | use's
Venus | vents
Vilma | villa
Vilma's | villa's
Wales | vales
Wales | wakes
Wall | walk
Wall's | walk's
Waller | walker
Waller's | walker's
Walls | walks
Ware | ward
Ware's | ward's
Warner | warmer
Warner's | warmer's
Wasp | warp
Weiss | weirs
West | vest
West's | vest's
Wests | vests
Whites | whiter
Wiles | wilds
Willa | villa
Willa's | villa's
Wise | vise
Wise | wire
Wise's | vise's
Wise's | wire's
Witt | wist
Witt | wits
Witt's | wits's
Xavier | wavier
Xe | we
Yankee | yanked
Zen | yen
Zen's | yen's
Zens | yens
Zest | yest
abate | abase
abated | abased
abatement | abasement
abatement's | abasement's
abates | abases
abating | abasing
abductee | abducted
absentee | absented
abuses | abuser
accuses | accuser
aced | abed
achieves | achiever
acne | acme
acne's | acme's
acutes | acuter
addressee | addressed
admires | admirer
adorn | acorn
adorns | acorns
adulteress | adulterers
adventures | adventurer
adventuress | adventurers
advertises | advertiser
advises | adviser
agar | afar
aim | ail
aimed | ailed
aiming | ailing
aims | ails
airlines | airliner
albs | alas
alpha | aloha
alpha's | aloha's
alphas | alohas
alto | also
amiss | amirs
among | along
amplifies | amplifier
an | am
analyzes | analyzer
angles | angler
ankle's | anklets
anklet | ankles
announces | announcer
anus | ants
anuses | amuses
appeased | appeared
appeases | appeaser
appeasing | appearing
appointee | appointed
appraises | appraiser
arches | archer
arranges | arranger
artifices | artificer
ask | ark
asks | arks
assembles | assembler
asset | asses
assets | assess
at | as
avenges | avenger
avert | avers
aware | award
axe | awe
axe's | awe's
axed | awed
axes | awes
axing | awing
ay | ax
ay's | ax's
aye | axe
aye's | axe's
ayes | axes
babbles | babbler
babies | babier
backbites | backbiter
backslides | backslider
badges | badger
bah | bag
bakes | baker
bale | bake
bale | bald
bale's | bake's
baled | baked
bales | bakes
bales | balds
baling | baking
ball | balk
ball's | balk's
balled | balked
balling | balking
balls | balks
balm | ball
balm's | ball's
balms | balls
bandies | bandier
bane | band
bane's | band's
banes | bands
bare | bard
bares | bards
bares | barer
barf | bare
barfs | bares
barged | barfed
barging | barfing
baronets | baroness
base | bare
based | bared
basely | barely
baseness | bareness
baseness's | bareness's
baser | barer
bases | bares
bases | baser
basest | barest
basing | baring
bask | bark
basked | barked
basking | barking
basks | barks
bass | bars
bast | bass
bast's | bass's
bastes | basses
bate | base
bated | based
bates | bases
bath | bash
bath's | bash's
bathed | bashed
bathes | bashes
bathes | bather
bathing | bashing
bating | basing
bats | bass
batted | basted
batting | basting
bean | beam
bean's | beam's
beaned | beamed
beaning | beaming
beans | beams
beau | beat
beau's | beat's
beaus | beats
beautifies | beautifier
bee | bed
bee's | bed's
bee's | beets
bees | beds
bees | beer
beet | bees
believes | believer
berate | aerate
berated | aerated
berates | aerates
berating | aerating
beset | beret
besets | berets
besieges | besieger
betide | beside
betides | besides
betted | bested
betting | besting
bibs | bias
bid | aid
bid's | aid's
bide | aide
bided | aided
bides | aides
bidet | bides
biding | aiding
bids | aids
bikes | biker
bile | bike
bile's | bike's
bill | bilk
billed | bilked
billing | bilking
bills | bilks
blames | blamer
blasphemes | blasphemer
blazes | blazer
bleaches | bleacher
blest | bless
blight | alight
blighted | alighted
blighting | alighting
blights | alights
bloc | blob
bloc's | blob's
blocs | blobs
blondes | blonder
blood | blond
blood's | blond's
bloodies | bloodier
bloods | blonds
blues | bluer
blur's | blurts
blurt | blurs
blushes | blusher
boa's | boats
boas | boar
boat | boas
bob | boa
bob's | boa's
bobs | boas
bole | bold
bone | bond
bone's | bond's
bones | bonds
bones | boner
boo's | boots
booed | boned
booing | boning
boon | boom
boon's | boom's
boons | booms
boos | boor
boot | boos
bootee | booted
boozes | boozer
bop | boo
bop's | boo's
bops | boos
bores | borer
both | bosh
bought | boughs
bounces | bouncer
bounded | bounced
bounder | bouncer
bounder's | bouncer's
bounders | bouncers
bounding | bouncing
box | bow
box's | bow's
boxed | bowed
boxer | bower
boxer's | bower's
boxers | bowers
boxes | boxer
boxing | bowing
boy | box
boy's | box's
bra's | brats
brat | bras
brats | brass
braves | braver
breathes | breather
bright | aright
brittle | bristle
brittle's | bristle's
browses | browser
bruises | bruiser
buckles | buckler
budget | budges
buggies | buggier
bugles | bugler
bull | bulk
bull's | bulk's
bulldozes | bulldozer
bulled | bulked
bulling | bulking
bulls | bulks
bully | bulky
bumbles | bumbler
bun | bum
bun's | bum's
bun's | bunts
bungles | bungler
buns | bums
bunt | aunt
bunt | buns
bunt's | aunt's
bunts | aunts
burnout | burnous
burnout's | burnous's
burnt | burns
burs | burr
bus | bur
bus's | bur's
bus's | busts
busied | buried
busied | bushed
busies | buries
busies | bushes
busies | busier
buss | burs
bust | buss
bust's | buss's
busted | bussed
busting | bussing
busy | bury
busying | burying
but | bus
butches | butcher
buts | buss
butt | bust
butt | buts
butt's | bust's
butted | busted
butter | buster
butter's | buster's
butteries | butterier
butters | busters
buttes | butter
butting | busting
butts | busts
buzzes | buzzer
by | ay
by's | ay's
bye | aye
bye's | aye's
byes | ayes
bypast | bypass
cache's | cachets
cachet | caches
cad | bad
cad's | bad's
cadge | badge
cadger | badger
cadger's | badger's
cadgers | badgers
cadges | badges
cadges | cadger
cake | bake
cake's | bake's
caked | baked
cakes | bakes
caking | baking
calk | balk
calk's | balk's
calked | balked
calking | balking
calks | balks
call | ball
call | calk
call's | ball's
call's | calk's
called | balled
called | calked
calling | balling
calling | calking
calling's | calking's
callings | calkings
calls | balls
calls | calks
calm | balm
calm | call
calm's | balm's
calm's | call's
calmed | called
calmer | caller
calming | calling
calms | balms
calms | calls
can | ban
can | cam
can's | ban's
can's | cam's
can's | cants
can't | can's
canal | banal
candied | bandied
candies | bandies
candy | bandy
candying | bandying
cane | bane
cane | came
cane's | bane's
canes | banes
canister | banister
canister's | banister's
canisters | banisters
canker | banker
canker's | banker's
cankers | bankers
canned | banned
canning | banning
canoed | canned
cans | bans
cans | cams
cant | cans
canter | banter
canter's | banter's
cantered | bantered
cantering | bantering
canters | banters
cantos | cantor
canvasses | canvasser
capes | caper
car | bar
car's | bar's
car's | carts
carbs | barbs
card | bard
card's | bard's
cards | bards
care | bare
care | card
care's | card's
care's | carets
cared | bared
cares | bares
cares | cards
caret | cares
carets | caress
caring | baring
carom | carol
carom's | carol's
caromed | caroled
caroming | caroling
caroms | carols
carouses | carouser
carrel | barrel
carrel's | barrel's
carrels | barrels
carrier | barrier
carrier's | barrier's
carriers | barriers
carries | carrier
cars | bars
cart | cars
carves | carver
case | base
case | care
case's | base's
case's | care's
cased | based
cased | cared
casement | basement
casement's | basement's
casements | basements
cases | bases
cases | cares
cash | bash
cash's | bash's
cashed | bashed
cashes | bashes
cashing | bashing
casing | basing
casing | caring
casing's | caring's
cask | bask
casket | basket
casket's | basket's
caskets | baskets
casks | basks
cast | bast
cast | cart
cast's | bast's
cast's | cart's
caste | baste
castes | bastes
castes | caster
casting | basting
casting | carting
casts | carts
cat | bat
cat's | bat's
catalogues | cataloguer
catch | batch
catch's | batch's
catches | batches
catches | catcher
catching | batching
cats | bats
cattier | battier
cattiest | battiest
cattle | battle
cattle | castle
cattle's | battle's
cattle's | castle's
catty | batty
cawed | caved
cawing | caving
cell | bell
cell's | bell's
cells | bells
censused | censured
censuses | censures
censusing | censuring
cent | bent
cent's | bent's
center | censer
center's | censer's
centers | censers
cents | bents
chaff | chafe
chaffs | chafes
challenges | challenger
chaps | chaos
chapt | chaps
char's | charts
charges | charger
chart | chars
chases | chaser
chasm | charm
chasm's | charm's
chasms | charms
chaster | charter
chatter | chaster
cheesed | cheered
cheesier | cheerier
cheesiest | cheeriest
cheesing | cheering
cheesy | cheery
chest | chess
chest's | chess's
chid | chic
chile | child
chile's | child's
chillies | chillier
chime | chile
chime's | chile's
chimes | chiles
choices | choicer
chokes | choker
choler | choker
choler's | choker's
chore | chord
chore's | chord's
chores | chords
chose | chore
chronicles | chronicler
cinder | binder
cinder's | binder's
cinders | binders
circle's | circlets
circlet | circles
cite | bite
cite's | bite's
cites | bites
citing | biting
clack | black
clack's | black's
clacked | blacked
clacking | blacking
clacks | blacks
clan | clam
clan's | clam's
clank | blank
clank's | blank's
clanked | blanked
clanking | blanking
clanks | blanks
clans | clams
cleanses | cleanser
cleat | bleat
cleat's | bleat's
cleats | bleats
cleaves | cleaver
clef's | clefts
cleft | clefs
clench | blench
clenched | blenched
clenches | blenches
clenching | blenching
clew | blew
clinches | clincher
cling | bling
clink | blink
clink's | blink's
clinked | blinked
clinker | blinker
clinker's | blinker's
clinkers | blinkers
clinking | blinking
clinks | blinks
clip | blip
clip's | blip's
clips | blips
clipt | clips
clock | block
clock's | block's
clocked | blocked
clocking | blocking
clocks | blocks
clog | blog
clog's | blog's
clogged | blogged
clogging | blogging
clogs | blogs
close's | closets
closes | closer
closet | closes
clot | blot
clot's | blot's
clots | blots
clotted | blotted
clotting | blotting
cloture | closure
cloture's | closure's
clotures | closures
clouted | clotted
clouting | clotting
cloves | clover
clown | blown
clue | blue
clue's | blue's
clued | blued
clueing | blueing
clues | blues
cluing | bluing
cluster | bluster
cluster's | bluster's
clustered | blustered
clustering | blustering
clusters | blusters
clutter | cluster
clutter's | cluster's
cluttered | clustered
cluttering | clustering
clutters | clusters
coast | boast
coast's | boast's
coasted | boasted
coaster | boaster
coaster's | boaster's
coasters | boasters
coasting | boasting
coasts | boasts
coat | boat
coat's | boat's
coated | boated
coating | boating
coats | boats
cob | bob
cob's | bob's
cobble | bobble
cobble's | bobble's
cobbled | bobbled
cobbles | bobbles
cobbles | cobbler
cobbling | bobbling
cobs | bobs
code | bode
coded | boded
codes | bodes
codices | bodices
coding | boding
cog | bog
cog's | bog's
cogs | bogs
coil | boil
coil's | boil's
coiled | boiled
coiling | boiling
coils | boils
cola | bola
cola's | bola's
colas | bolas
cold | bold
colder | bolder
coldest | boldest
coldly | boldly
coldness | boldness
coldness's | boldness's
collies | collier
colonizes | colonizer
colt | bolt
colt | cols
colt's | bolt's
colts | bolts
coma | cola
coma's | cola's
comas | colas
comb | bomb
comb | coma
comb's | bomb's
comb's | coma's
combed | bombed
combing | bombing
combs | bombs
combs | comas
come's | comets
comes | comer
comet | comes
comic | colic
comic's | colic's
commended | commenced
commending | commencing
committee | committed
commutes | commuter
compiles | compiler
complaint | complains
completes | completer
composes | composer
compost | comport
composted | comported
composting | comporting
composts | comports
compote | compose
compotes | composes
computes | computer
condenses | condenser
condos | condor
cone | bone
cone | come
cone's | bone's
cone's | come's
cones | bones
cones | comes
confess | confers
confute | confuse
confuted | confused
confutes | confuses
confuting | confusing
conic | comic
conic's | comic's
conical | comical
conics | comics
conjoint | conjoins
conjures | conjurer
connives | conniver
constraint | constrains
consul's | consults
consult | consuls
consumes | consumer
content | consent
content's | consent's
contented | consented
contenting | consenting
contents | consents
contort | consort
contorted | consorted
contorting | consorting
contorts | consorts
converted | conversed
converting | conversing
convey | convex
coo | boo
coo | con
coo's | boo's
coo's | con's
coo's | coots
cooed | booed
cooing | booing
cook | book
cook | conk
cook's | book's
cook's | conk's
cooked | booked
cooked | conked
cookie | bookie
cookie's | bookie's
cookies | bookies
cooking | booking
cooking | conking
cooking's | booking's
cooks | books
cooks | conks
cool | cook
cool's | cook's
cooled | cooked
cooler | cooker
cooler's | cooker's
coolers | cookers
coolie | cookie
coolie's | cookie's
coolies | cookies
cooling | cooking
cools | cooks
coon | boon
coon's | boon's
coons | boons
coos | boos
coos | cons
coot | boot
coot | coos
coot's | boot's
cootie | bootie
cootie's | bootie's
cooties | booties
coots | boots
cop | bop
cop | coo
cop's | bop's
cop's | coo's
coped | cooed
copies | copier
coping | cooing
copped | bopped
copped | cooped
copper | cooper
copper's | cooper's
coppers | coopers
copping | bopping
copping | cooping
cops | bops
cops | coos
core | bore
core | cord
core's | bore's
core's | cord's
cored | bored
cores | bores
cores | cords
coring | boring
corn | born
corn | corm
corn's | corm's
corns | corms
cosies | cosier
cough | bough
cough's | bough's
coughs | boughs
countess | counters
counties | bounties
county | bounty
county's | bounty's
couple's | couplets
couplet | couples
courses | courser
courted | coursed
courting | coursing
cove's | covets
cover's | coverts
covert | covers
coves | cover
covet | coves
cow | bow
cow's | bow's
cowed | bowed
cower | bower
cower | cover
cowered | covered
cowering | covering
cowers | bowers
cowers | covers
cowing | bowing
cowl | bowl
cowl's | bowl's
cowling | bowling
cowling's | bowling's
cowls | bowls
cows | bows
cox | box
cox | cow
coy | boy
coy | cox
cozies | cozier
crag | brag
crag's | brag's
crags | brags
crash | brash
crass | brass
crates | crater
crave | brave
craved | braved
craves | braves
craving | braving
crawl | brawl
crawl's | brawl's
crawled | brawled
crawling | brawling
crawls | brawls
crazier | brazier
crazies | crazier
creak | break
creak's | break's
creaking | breaking
creaks | breaks
create | crease
created | creased
creates | creases
creating | creasing
creed | breed
creed's | breed's
creeds | breeds
creel | creek
creel's | creek's
creels | creeks
crest | cress
crest's | cress's
crew | brew
crew's | brew's
crewed | brewed
crewing | brewing
crews | brews
crick | brick
crick's | brick's
cricked | bricked
cricking | bricking
cricks | bricks
crier | brier
crier's | brier's
criers | briers
cries | crier
cringing | bringing
crook | brook
crook's | brook's
crooked | brooked
crooking | brooking
crooks | brooks
crosses | crosser
crotchet | crotches
crouch | crotch
crouch's | crotch's
crouches | crotches
crow | brow
crow's | brow's
crown | brown
crown's | brown's
crowned | browned
crowning | browning
crowns | browns
crows | brows
cruise | bruise
cruise's | bruise's
cruised | bruised
cruiser | bruiser
cruiser's | bruiser's
cruisers | bruisers
cruises | bruises
cruises | cruiser
cruising | bruising
crunch | brunch
crunch's | brunch's
crunched | brunched
crunches | brunches
crunches | cruncher
crunching | brunching
crusades | crusader
crush | brush
crush's | brush's
crushed | brushed
crushes | brushes
crushing | brushing
cud | bud
cud's | bud's
cuds | buds
cue | cud
cue's | cud's
cues | cuds
cuff | buff
cuff's | buff's
cuffed | buffed
cuffing | buffing
cuffs | buffs
cull | bull
cull's | bull's
culled | bulled
culling | bulling
culls | bulls
cumming | bumming
cums | bums
cunt | bunt
cunt's | bunt's
cunts | bunts
cur | bur
cur's | bur's
cure | curd
cure's | curd's
cures | curds
cures | curer
curies | buries
curlier | burlier
curliest | burliest
curliness | burliness
curliness's | burliness's
curly | burly
curs | burs
curst | burst
curt | curs
cushier | bushier
cushiest | bushiest
cushy | bushy
cuss | buss
cuss | curs
cuss's | buss's
cussed | bussed
cussed | cursed
cusses | busses
cusses | curses
cussing | bussing
cussing | cursing
cut | but
cuts | buts
cuts | cuss
cutter | butter
cutter's | butter's
cutters | butters
cutting | butting
dab | cab
dab's | cab's
dabbed | cabbed
dabbing | cabbing
dabbles | dabbler
dabs | cabs
dad | cad
dad's | cad's
daddies | caddies
daddy | caddy
daddy's | caddy's
dads | cads
dainties | daintier
daisies | dairies
daisy | dairy
daisy's | dairy's
dam | cam
dam's | cam's
dame | came
dame | dale
dame's | dale's
dames | dales
damned | dammed
damning | damming
damp | camp
damp's | camp's
damped | camped
damper | camper
damper's | camper's
dampers | campers
damping | camping
damps | camps
dams | cams
dancer | cancer
dancer's | cancer's
dancers | cancers
dances | dancer
dander | dancer
dander's | dancer's
dandies | candies
dandies | dandier
dandle | candle
dandled | candled
dandles | candles
dandling | candling
dandy | candy
dandy's | candy's
danker | canker
dare | care
dare's | care's
dared | cared
dares | cares
daring | caring
daring's | caring's
dart | cart
dart's | cart's
darted | carted
darting | carting
darts | carts
dash | cash
dash's | cash's
dashed | cashed
dashes | cashes
dashing | cashing
dawdles | dawdler
daydreamt | daydreams
dealt | deals
deb's | debts
debate | debase
debated | debased
debates | debases
debates | debater
debating | debasing
debt | debs
deceives | deceiver
decodes | decoder
defines | definer
dehumidifies | dehumidifier
deices | deicer
dell | cell
dell's | cell's
dells | cells
demented | cemented
den's | dents
denies | denier
denote | demote
denoted | demoted
denotes | demotes
denoting | demoting
denser | censer
dent | cent
dent | dens
dent's | cent's
dents | cents
deodorizes | deodorizer
depredation | deprecation
depredation's | deprecation's
despite | despise
detainee | detained
determines | determiner
devotee | devoted
die | did
die's | diets
diet | dies
dimes | dimer
dimly | dilly
din | dim
dine | dime
diner | dimer
dines | dimes
dines | diner
dinkies | dinkier
dins | dims
dint | dins
diploma's | diplomats
diplomat | diplomas
dirties | dirtier
disk | dirk
disk's | dirk's
disks | dirks
dispatches | dispatcher
dispenses | dispenser
distension | dissension
distension's | dissension's
distensions | dissensions
distention | distension
distention's | distension's
distentions | distensions
diver's | diverts
divert | divers
dives | diver
divest | divert
divested | diverted
divesting | diverting
divests | diverts
divides | divider
divines | diviner
divvies | civvies
dizzies | dizzier
do's | dots
dock | cock
dock's | cock's
docked | cocked
docking | cocking
docks | cocks
dodger | codger
dodger's | codger's
dodgers | codgers
dodges | dodger
does | doer
dog | cog
dog's | cog's
doggies | doggier
doggones | doggoner
dogs | cogs
dollar | collar
dollar's | collar's
dollars | collars
dollies | collies
dolt | colt
dolt's | colt's
doltish | coltish
dolts | colts
dome | come
dome | dole
dome's | come's
dome's | dole's
domed | doled
domes | comes
domes | doles
doming | coming
doming | doling
don | con
don's | con's
don't | don's
done | cone
done | dome
donned | conned
donning | conning
dons | cons
doodles | doodler
dope | cope
dope's | cope's
doped | coped
dopes | copes
dopier | copier
doping | coping
dopy | copy
dork | cork
dork's | cork's
dorks | corks
dorm | corm
dorm's | corm's
dorms | corms
dot | cot
dot | dos
dot's | cot's
dotage | dosage
dotage's | dosage's
dote | cote
dote | dose
doted | dosed
dotes | cotes
dotes | doses
doting | dosing
dots | cots
double's | doublets
doublet | doubles
douched | couched
douches | couches
douching | couching
dough | cough
dough's | cough's
dove | cove
dove's | cove's
doves | coves
dowdies | dowdier
dozen | cozen
dozen | doyen
dozen's | doyen's
dozens | cozens
dozens | doyens
drab | crab
drab's | crab's
drabs | crabs
draft | craft
draft's | craft's
drafted | crafted
draftee | drafted
draftier | craftier
draftiest | craftiest
draftiness | craftiness
draftiness's | craftiness's
drafting | crafting
drafts | crafts
draftsman | craftsman
draftsman's | craftsman's
draftsmanship | craftsmanship
draftsmanship's | craftsmanship's
draftsmen | craftsmen
drafty | crafty
drag | crag
drag's | crag's
drags | crags
dram | cram
drams | crams
drank | crank
drape | crape
drape's | crape's
drapes | crapes
draw | craw
draw's | craw's
drawl | crawl
drawl's | crawl's
drawled | crawled
drawling | crawling
drawls | crawls
draws | craws
dream | cream
dream's | cream's
dreamed | creamed
dreamer | creamer
dreamer's | creamer's
dreamers | creamers
dreamier | creamier
dreamiest | creamiest
dreaming | creaming
dreams | creams
dreamy | creamy
dredges | dredger
dress | cress
dress's | cress's
dresses | dresser
drew | crew
dribbles | dribbler
dried | cried
drier | crier
drier's | crier's
driers | criers
dries | cries
dries | drier
drives | driver
drone | crone
drone's | crone's
drones | crones
drop | crop
drop's | crop's
dropped | cropped
dropped | drooped
dropper | cropper
dropper's | cropper's
droppers | croppers
dropping | cropping
dropping | drooping
drops | crops
dross | cross
dross's | cross's
droves | drover
drown | crown
drowned | crowned
drowning | crowning
drowns | crowns
dry | cry
dry's | cry's
drying | crying
dub | cub
dub's | cub's
dubs | cubs
dud | cud
dud's | cud's
duds | cuds
due | cue
due | dud
due's | cue's
due's | dud's
due's | duets
dues | cues
dues | duds
duet | dues
duff | cuff
duh | dug
dull | cull
dulled | culled
dulling | culling
dulls | culls
dunning | cunning
duo | dun
duo's | dun's
duos | duns
durable | curable
during | curing
dyes | dyer
eagle's | eaglets
eaglet | eagles
earn | darn
earned | darned
earning | darning
earns | darns
eating | dating
eating | easing
edges | edger
egrets | egress
either | dither
ell | elk
ell's | elk's
ells | elks
elm | ell
elm's | ell's
elms | ells
embezzles | embezzler
employee | employed
employes | employer
empties | emptier
encodes | encoder
endorses | endorser
energizes | energizer
enforces | enforcer
engraves | engraver
enhances | enhancer
enlarges | enlarger
enlistee | enlisted
eon | don
eon's | don's
eons | dons
equalizes | equalizer
erases | eraser
escapee | escaped
etches | etcher
even's | events
event | evens
eves | ever
ewe | eve
ewe's | eve's
ewer | ever
ewes | eves
ewes | ewer
examines | examiner
excite | excise
excited | excised
excites | excises
exciting | excising
exes | ewes
expedites | expediter
explores | explorer
extinguishes | extinguisher
extremes | extremer
eye | dye
eye's | dye's
eyed | dyed
eyeing | dyeing
eyes | dyes
eyes | exes
eying | dying
fa's | fats
face's | facets
facet | faces
fade | face
fade's | face's
faded | faced
fades | faces
fading | facing
fakes | faker
falter | falser
fancies | fancier
far | ear
farthing | earthing
fast | east
fast | fart
fast's | east's
fast's | fart's
fasted | farted
fasting | farting
fasts | farts
fat | eat
fating | eating
fats | eats
fatten | fasten
fattened | fastened
fattening | fastening
fattens | fastens
fatter | faster
fattest | fastest
fatties | fattier
fee | fed
fee's | fed's
fees | feds
feet | fees
fences | fencer
fended | fenced
fender | fencer
fender's | fencer's
fenders | fencers
fending | fencing
fertilizes | fertilizer
fetter | fester
fetter's | fester's
fettered | festered
fettering | festering
fetters | festers
fewer | fever
fez | fey
fiddles | fiddler
fight | eight
fight's | eight's
fights | eights
file's | filets
filet | files
film | fill
film's | fill's
filmed | filled
filming | filling
films | fills
filmy | filly
finagles | finagler
fine | find
fine's | find's
fines | finds
fines | finer
finishes | finisher
fishes | fisher
fives | fiver
fixes | fixer
fjord | fiord
fjord's | fiord's
fjords | fiords
flashes | flasher
flax | flaw
flax's | flaw's
flay | flax
flee | fled
fleet | flees
flex | flew
flies | flier
floppies | floppier
flushes | flusher
flutter | fluster
flutter's | fluster's
fluttered | flustered
fluttering | flustering
flutters | flusters
foam | foal
foam's | foal's
foamed | foaled
foaming | foaling
foams | foals
food | fond
foot | font
foot's | font's
foots | fonts
forages | forager
forded | forced
fording | forcing
fore | ford
fore's | ford's
foregather | forefather
foregathers | forefathers
fores | fords
forge's | forgets
forges | forger
forget | forges
frames | framer
franchisee | franchised
franchises | franchiser
freelances | freelancer
frees | freer
freezes | freezer
friendlies | friendlier
fries | frier
fumbles | fumbler
funnies | funnier
fuss | furs
fustier | fussier
fustiest | fussiest
fusty | fussy
gable | fable
gable's | fable's
gabled | fabled
gables | fables
gad | fad
gads | fads
gag | fag
gag's | fag's
gagged | fagged
gagging | fagging
gags | fags
gain | fain
gall | fall
gall's | fall's
galling | falling
gallows | fallows
galls | falls
gambles | gambler
game | fame
game | gale
game's | fame's
game's | gale's
gamed | famed
games | gales
games | gamer
gamine | famine
gamine's | famine's
gamines | famines
gang | fang
gang's | fang's
gangs | fangs
garnishee | garnished
gate | fate
gate's | fate's
gated | fated
gates | fates
gates | gases
gather | father
gather's | father's
gathered | fathered
gathering | fathering
gathers | fathers
gating | fating
gaze | faze
gazed | fazed
gazer | gayer
gazes | fazes
gazes | gazer
gazing | fazing
gear | fear
gear's | fear's
geared | feared
gearing | fearing
gears | fears
gee | fee
geed | feed
gees | fees
gelled | felled
gelling | felling
gelt | felt
gelt | gels
gem | gel
gem's | gel's
gems | gels
gender | fender
gender's | fender's
genders | fenders
gentles | gentler
genus | gents
ghostwrites | ghostwriter
gibber | fibber
gibbers | fibbers
gig | fig
gig's | fig's
giggles | giggler
gigs | figs
gill | fill
gill's | fill's
gills | fills
gin | fin
gin's | fin's
ginger | finger
ginger's | finger's
gins | fins
girth | firth
girth's | firth's
girths | firths
gist | fist
gist | girt
gist's | fist's
gist's | girt's
give | five
gives | fives
glare | flare
glare's | flare's
glared | flared
glares | flares
glaring | flaring
glean | gleam
gleaned | gleamed
gleaning | gleaming
gleans | gleams
glee | flee
glides | glider
glint | flint
glint's | flint's
glints | flints
gloat | float
gloat's | float's
gloated | floated
gloating | floating
gloats | floats
glop | flop
glop's | flop's
gloss | floss
gloss's | floss's
glossed | flossed
glosses | flosses
glossies | glossier
glossing | flossing
glow | flow
glow's | flow's
glowed | flowed
glowed | gloved
glower | flower
glower's | flower's
glowered | flowered
glowering | flowering
glowers | flowers
glowing | flowing
glowing | gloving
glows | flows
glue | flue
glue's | flue's
glues | flues
goal | foal
goal's | foal's
goals | foals
goat | gnat
goat's | gnat's
goats | gnats
gob | fob
gob's | fob's
gobbed | fobbed
gobbing | fobbing
gobbles | gobbler
gobs | fobs
goes | foes
goes | gods
gold | fold
gold's | fold's
golds | folds
gollies | follies
golly | folly
golly's | folly's
good | food
good's | food's
goods | foods
gooey | goody
goofy | gooey
gore | fore
gore's | fore's
gores | fores
gorge | forge
gorge's | forge's
gorged | forged
gorges | forges
gorging | forging
gouges | gouger
grade | grace
grade's | grace's
graded | graced
grades | graces
grades | grader
grading | gracing
grail | frail
grates | grater
graves | graver
gray | fray
gray's | fray's
grayed | frayed
graying | fraying
grays | frays
grazed | grayed
grazing | graying
greed | freed
grill | frill
grill's | frill's
grills | frills
grin | grim
grizzled | frizzled
grizzlies | grizzlier
grog | frog
grog's | frog's
grosses | grosser
grouted | groused
grouting | grousing
grown | frown
grumbles | grumbler
grumpier | frumpier
grumpiest | frumpiest
grumpy | frumpy
guesses | guesser
guest | guess
guest's | guess's
guested | guessed
guesting | guessing
guile | guild
guile's | guild's
gull | full
gull's | full's
gulled | fulled
gulling | fulling
gulls | fulls
gully | fully
gun | fun
gun | gum
gun's | fun's
gun's | gum's
gunk | funk
gunk's | funk's
gunner | funner
gunny | funny
gunny's | funny's
guns | gums
gushes | gusher
gustier | fustier
gustiest | fustiest
gusty | fusty
gutted | gusted
gutting | gusting
guzzles | guzzler
had | gad
hag | gag
hag's | gag's
haggle | gaggle
haggle's | gaggle's
haggles | gaggles
haggles | haggler
hags | gags
hah | hag
hale | gale
hale | hake
hales | gales
hales | hakes
hales | haler
half | hale
hall | gall
hall's | gall's
hallelujah | halleluiah
hallelujah's | halleluiah's
hallelujahs | halleluiahs
hallows | gallows
halls | galls
handcar's | handcarts
handcart | handcars
handles | handler
hang | gang
hang's | gang's
hanged | ganged
hanging | ganging
hangs | gangs
harden | garden
hardened | gardened
hardener | gardener
hardener's | gardener's
hardeners | gardeners
hardening | gardening
hardens | gardens
hare | hard
has | gas
hash | gash
hash's | gash's
hashed | gashed
hashes | gashes
hashing | gashing
hasp | gasp
hasp | harp
hasp's | gasp's
hasp's | harp's
hasps | gasps
hasps | harps
hat | has
hatchet | hatches
hate | gate
hate's | gate's
hated | gated
hates | gates
hates | hater
hath | hash
hating | gating
hatted | hasted
hatting | hasting
haunt | gaunt
have | gave
haven't | haven's
hawing | having
hawk | gawk
hawked | gawked
hawking | gawking
hawks | gawks
hay | gay
hay's | gay's
hays | gays
haze | gaze
haze's | gaze's
hazed | gazed
hazed | hayed
hazes | gazes
hazing | gazing
hazing | haying
hear | gear
hearing | gearing
hears | gears
heart | hears
hearties | heartier
heavies | heavier
heckles | heckler
heed | geed
held | geld
helm | hell
helm's | hell's
hem | gem
hem's | gem's
hemp | help
hemp's | help's
hems | gems
hen | hem
hen's | hem's
hens | hems
here | herd
here's | herd's
herpes | heroes
hes | her
hex | hew
hexed | hewed
hexing | hewing
hey | hex
hideout | hideous
hie | hid
hieing | hiding
hikes | hiker
hill | gill
hill's | gill's
hills | gills
hilt | gilt
hilt's | gilt's
hilts | gilts
hit | his
hitchhikes | hitchhiker
hits | hiss
hive | give
hives | gives
hiving | giving
ho | go
ho's | go's
hoaxes | hoaxer
hob | gob
hob's | gob's
hobble | gobble
hobble's | gobble's
hobbled | gobbled
hobbles | gobbles
hobbling | gobbling
hobs | gobs
hod | god
hod's | god's
hods | gods
hoe | hod
hoe's | hod's
hoes | goes
hoes | hods
hold | gold
hold's | gold's
holds | golds
hole | hold
hole's | hold's
holes | holds
holier | hokier
holiest | hokiest
hollies | gollies
holly | golly
holly's | golly's
home | hole
home's | hole's
homed | holed
homes | holes
homes | homer
homier | holier
homies | homier
homiest | holiest
hominess | holiness
hominess's | holiness's
homing | holing
homograph | holograph
homograph's | holograph's
homographs | holographs
homy | holy
hone | gone
hone | home
hone's | home's
honed | homed
hones | homes
honey | homey
honey's | homey's
honeys | homeys
honing | homing
hood | good
hood's | good's
hoodie | goodie
hoodie's | goodie's
hoodies | goodies
hoods | goods
hooey | gooey
hooey | honey
hooey's | honey's
hoof | goof
hoof's | goof's
hoofed | goofed
hoofing | goofing
hoofs | goofs
hook | gook
hook | honk
hook's | gook's
hook's | honk's
hooked | honked
hooking | honking
hooks | gooks
hooks | honks
hoop | goop
hoop's | goop's
hopped | hooped
hopping | hooping
horse | gorse
horse's | gorse's
hot | got
hot | hos
housecoat | houseboat
housecoat's | houseboat's
housecoats | houseboats
huff | guff
huff's | guff's
huh | hug
hull | gull
hull | hulk
hull's | gull's
hull's | hulk's
hulled | gulled
hulling | gulling
hulling | hulking
hulls | gulls
hulls | hulks
hum | gum
hum's | gum's
humanizes | humanizer
humbles | humbler
humidifies | humidifier
hummed | gummed
humming | gumming
hums | gums
hunk | gunk
hunk's | gunk's
hurdles | hurdler
hush | gush
hush's | gush's
hushed | gushed
hushes | gushes
hushing | gushing
huskies | huskier
hustle | hurtle
hustled | hurtled
hustles | hurtles
hustles | hustler
hustling | hurtling
hut | gut
hut's | gut's
huts | guts
hypes | hyper
identifies | identifier
ides | ices
idles | idler
ill | ilk
ill's | ilk's
ills | ilks
imposter | importer
imposter's | importer's
imposters | importers
incite | incise
incited | incised
incites | incises
inciting | incising
inductee | inducted
ingest | infest
ingested | infested
ingesting | infesting
ingests | infests
inhales | inhaler
innate | inmate
inpatient | impatient
inquires | inquirer
insides | insider
insures | insurer
intensifies | intensifier
internee | interned
internet | internes
interviewee | interviewed
intrudes | intruder
invades | invader
invest | invert
invested | inverted
investing | inverting
invests | inverts
ion | inn
ion's | inn's
ionizes | ionizer
ions | inns
isle's | islets
islet | isles
it | is
jamb | iamb
jamb's | iamb's
jambs | iambs
jetted | jested
jetting | jesting
join | john
join's | john's
join's | joints
joins | johns
joint | joins
jokes | joker
jollies | jollier
joyrides | joyrider
juggles | juggler
juices | juicer
junkies | junkier
keep | jeep
keep's | jeep's
keeps | jeeps
kibitzes | kibitzer
kilo | kiln
kilo's | kiln's
kilos | kilns
kilt | jilt
kilt's | jilt's
kilts | jilts
kisses | kisser
kits | kiss
la's | lats
lade | lace
laded | laced
lades | laces
lading | lacing
lady | lacy
lamb | lama
lamb's | lama's
lambs | lamas
lames | lamer
lance's | lancets
lances | lancer
lancet | lances
landed | lanced
lander | lancer
landing | lancing
landscapes | landscaper
lane | lame
lane | land
lane's | lame's
lane's | land's
lanes | lames
lanes | lands
larges | larger
largest | largess
last | lass
last's | lass's
later | laser
lath | lash
lath's | lash's
lathed | lashed
lathes | lashes
lathes | lather
lathing | lashing
lats | lass
lattes | latter
launches | launcher
lavishes | lavisher
lax | law
lay | lax
layer | laxer
lazies | lazier
lazing | laying
leaflets | leafless
leapt | leaps
learnt | learns
lectures | lecturer
ledges | ledger
lee | led
lees | leer
leg | keg
leg's | keg's
legs | kegs
lens | kens
lent | lens
lept | kept
lest | less
lets | less
licensee | licensed
lick | kick
lick's | kick's
licked | kicked
licking | kicking
licks | kicks
lid | kid
lid's | kid's
lidded | kidded
lids | kids
lie | lid
lie's | lid's
lies | lids
likes | liker
lilt | kilt
lilt's | kilt's
lilts | kilts
limo | limn
limos | limns
limp | limo
limp's | limo's
limps | limos
limy | lily
line | lime
line's | lime's
lined | limed
lines | limes
lines | liner
lining | liming
link | kink
link's | kink's
linked | kinked
linking | kinking
links | kinks
lit | kit
lite | kite
lives | liver
loan | loam
loan's | loam's
locus's | locusts
lodges | lodger
look | kook
look's | kook's
looks | kooks
loon | loom
loon's | loom's
looneyies | looneyier
loonies | loonier
loons | looms
looses | looser
looted | loosed
looter | looser
looting | loosing
lopped | looped
lopping | looping
lore | lord
lore's | lord's
lose | lore
loses | loser
lost | loss
lots | loss
lovelies | lovelier
loves | lover
lowed | loved
lower | lover
lowers | lovers
lowing | loving
lox | low
lox's | low's
ls | ks
lushes | lusher
ma | la
ma's | la's
ma's | mats
mace | lace
mace's | lace's
maced | laced
macerate | lacerate
macerated | lacerated
macerates | lacerates
macerating | lacerating
maceration | laceration
maceration's | laceration's
maces | laces
macing | lacing
mad | lad
mad's | lad's
madder | ladder
madder's | ladder's
madders | ladders
made | lade
made | mace
mads | lads
magnifies | magnifier
maid | laid
maim | mail
maimed | mailed
maiming | mailing
maims | mails
main | lain
main | maim
mains | maims
make | lake
make's | lake's
makes | lakes
makes | maker
male | make
male's | make's
males | makes
mama | lama
mama's | lama's
mamas | lamas
manages | manager
mane | lane
mane's | lane's
manes | lanes
mantes | manses
manufactures | manufacturer
map | lap
map's | lap's
mapped | lapped
mapping | lapping
maps | laps
march | larch
march's | larch's
marches | larches
marches | marcher
marines | mariner
mark | lark
mark's | lark's
marked | larked
marking | larking
marks | larks
mart | mars
mas | mar
mash | lash
mash's | lash's
mashed | lashed
mashes | lashes
mashes | masher
mashing | lashing
mask | mark
mask's | mark's
masked | marked
masking | marking
masks | marks
masquerades | masquerader
mass | lass
mass | mars
mass's | lass's
masses | lasses
mast | last
mast | mart
mast | mass
mast's | last's
mast's | mart's
mast's | mass's
masts | lasts
masts | marts
mat | mas
mat's | matts
match | latch
match's | latch's
matched | latched
matches | latches
matching | latching
mate | late
math | lath
math | mash
mats | lats
mats | mass
matt | mast
matt | mats
matte | latte
matte's | latte's
matter | latter
matter | master
matter's | latter's
matter's | master's
mattered | mastered
mattering | mastering
matters | masters
mattes | lattes
mattes | matter
matts | masts
matures | maturer
matzot | matzos
maunder | launder
maundered | laundered
maundering | laundering
maunders | launders
maw | law
maw's | law's
maws | laws
may | lay
may's | lay's
maze | laze
maze's | laze's
mazes | lazes
mead | lead
mead's | lead's
mean | lean
mean's | lean's
meaner | leaner
meanest | leanest
meaning | leaning
meaning's | leaning's
meanings | leanings
meanness | leanness
meanness's | leanness's
means | leans
meant | means
meddles | meddler
meek | leek
meg | leg
megs | legs
meh | meg
mend | lend
mender | lender
mender's | lender's
menders | lenders
mending | lending
mends | lends
menses | lenses
merges | merger
mess | less
mess's | less's
met | let
met | mes
metes | meter
mice | lice
mid | lid
midge's | midgets
midget | midges
mien | lien
mien's | lien's
miens | liens
might | light
might's | light's
mike | like
mike's | like's
miked | liked
mikes | likes
miking | liking
mile | mike
mile | mild
mile's | mike's
mile's | mild's
miles | mikes
miles | miler
milf | mile
milf's | mile's
milfs | miles
mill | milk
mill's | milk's
milled | milked
miller | milker
milling | milking
mills | milks
mime | lime
mime | mile
mime's | lime's
mime's | mile's
mimed | limed
mimes | limes
mimes | miles
miming | liming
minded | minced
minding | mincing
mine | line
mine | mime
mine | mind
mine's | line's
mine's | mime's
mine's | mind's
mined | lined
mined | mimed
miner | liner
miner's | liner's
miners | liners
mines | lines
mines | mimes
mines | minds
mines | miner
mining | lining
mining | miming
mining's | lining's
mink | link
mink's | link's
minks | links
mint | lint
mint's | lint's
minus | mints
minutes | minuses
minutes | minuter
mire | lire
misdealt | misdeals
mist | list
mist | miss
mist's | list's
mist's | miss's
misted | listed
misted | missed
misting | listing
misting | missing
mists | lists
mite | lite
miter | liter
miter | miser
miter's | liter's
miter's | miser's
miters | liters
miters | misers
mites | miter
mitigate | litigate
mitigated | litigated
mitigates | litigates
mitigating | litigating
mitigation | litigation
mitigation's | litigation's
mitt | mist
mitt's | mist's
mitts | mists
mixes | mixer
moan | loan
moan's | loan's
moaned | loaned
moaning | loaning
moans | loans
mob | lob
mob's | lob's
mobbed | lobbed
mobbing | lobbing
mobs | lobs
mobster | lobster
mobster's | lobster's
mobsters | lobsters
mock | lock
mocked | locked
mocker | locker
mocker's | locker's
mockers | lockers
mocking | locking
mocks | locks
mode | lode
mode's | lode's
modem | model
modem's | model's
modems | models
modes | lodes
modifies | modifier
moisturizes | moisturizer
mole | mold
mole's | mold's
moles | molds
moll | loll
molls | lolls
monger | longer
moo's | moots
mooches | moocher
moon | loon
moon's | loon's
moons | loons
moos | moor
moose | loose
moot | loot
moot | moos
mooted | looted
mooting | looting
moots | loots
mop | lop
mop | moo
mop's | moo's
mope | lope
mope's | lope's
moped | loped
moped | mooed
mopes | lopes
moping | loping
moping | mooing
mopped | lopped
mopping | lopping
mops | lops
mops | moos
more | lore
more's | lore's
morn | lorn
mortgagee | mortgaged
mortgages | mortgager
moss | loss
moss's | loss's
mosses | losses
most | lost
most | moss
most's | moss's
moth | loth
motion | lotion
motion's | lotion's
motions | lotions
motto | lotto
motto's | lotto's
mouse | louse
mouse's | louse's
mouses | louses
mouses | mouser
mousier | lousier
mousiest | lousiest
mousiness | lousiness
mousiness's | lousiness's
mousy | lousy
movable | lovable
move | love
move's | love's
moveable | loveable
moved | loved
mover | lover
mover's | lover's
movers | lovers
moves | loves
moves | mover
moving | loving
movingly | lovingly
mow | low
mow's | low's
mowed | lowed
mowed | moved
mower | lower
mower | mover
mower's | mover's
mowers | lowers
mowers | movers
mowing | lowing
mowing | moving
mows | lows
ms | ls
muck | luck
muck's | luck's
mucked | lucked
muckier | luckier
muckiest | luckiest
mucking | lucking
muckrakes | muckraker
mucks | lucks
mucky | lucky
muddies | muddier
muffles | muffler
mug | lug
mug's | lug's
mugged | lugged
mugging | lugging
mugs | lugs
mull | lull
mulled | lulled
mulling | lulling
mulls | lulls
multiplexes | multiplexer
multiplies | multiplier
mumbles | mumbler
mumps | lumps
munch | lunch
munched | lunched
munches | lunches
munching | lunching
murderess | murderers
murk | lurk
murks | lurks
mush | lush
mush's | lush's
mushes | lushes
musk | murk
musk's | murk's
muskier | murkier
muskiest | murkiest
muskiness | murkiness
muskiness's | murkiness's
musky | murky
must | lust
must | muss
must's | lust's
must's | muss's
muster | luster
muster's | luster's
mustier | lustier
mustier | mussier
mustiest | lustiest
mustiest | mussiest
mustiness | lustiness
mustiness's | lustiness's
musts | lusts
musty | lusty
musty | mussy
mute | lute
mute | muse
mute's | lute's
mute's | muse's
muted | mused
mutes | lutes
mutes | muses
mutes | muter
muting | musing
mutt | must
mutt's | must's
mutter | muster
mutter's | muster's
muttered | mustered
muttering | mustering
mutters | musters
mutts | musts
nacho | macho
nacho's | macho's
nail | mail
nail's | mail's
nailed | mailed
nailing | mailing
nails | mails
nap | map
nap's | map's
napped | mapped
nappies | nappier
napping | mapping
naps | maps
nark | mark
nark's | mark's
narked | marked
narking | marking
narks | marks
narrow | marrow
narrow's | marrow's
narrows | marrows
natal | nasal
nattier | nastier
nattiest | nastiest
nattily | nastily
natty | nasty
nature | mature
natures | matures
nay | may
nay's | may's
neat | meat
nebulas | nebular
net | met
netted | nested
netting | nesting
nettle | mettle
nettle | nestle
nettle's | mettle's
nettled | nestled
nettles | nestles
nettlesome | mettlesome
nettling | nestling
neutralizes | neutralizer
new | mew
new's | mew's
new's | newts
newer | never
news | mews
news's | mews's
newt | news
newt's | news's
next | newt
next's | newt's
nibbles | nibbler
nice | mice
nigher | nigger
night | might
night's | might's
nighty | mighty
nil | mil
nil's | mil's
nine | mine
nine's | mine's
nines | mines
nite | mite
nite's | mite's
niter | miter
niter's | miter's
nites | mites
nites | niter
nix | mix
nix's | mix's
nixed | mixed
nixes | mixes
nixing | mixing
nobility | mobility
nobility's | mobility's
nobles | nobler
nod | mod
nod's | mod's
nodal | modal
node | mode
node's | mode's
nodes | modes
nods | mods
nodular | modular
nodule | module
nodule's | module's
nodules | modules
noes | nods
noon | moon
noon's | moon's
noose | moose
noose's | moose's
nope | mope
nosey | mosey
note | mote
note | nose
note's | mote's
note's | nose's
noted | nosed
notes | motes
notes | noses
nothing | noshing
noting | nosing
notion | motion
notion's | motion's
notions | motions
now | mow
now's | mow's
nu | mu
nudes | nuder
null | mull
nulls | mulls
nuzzle | muzzle
nuzzle's | muzzle's
nuzzled | muzzled
nuzzles | muzzles
nuzzling | muzzling
obscures | obscurer
observes | observer
ode | odd
odes | odds
offices | officer
oil | nil
oil's | nil's
opaques | opaquer
optimizes | optimizer
opus | opts
orc | orb
orc's | orb's
orcs | orbs
organizes | organizer
out | nut
out's | nut's
outer | otter
outs | nuts
outsider | outrider
outsider's | outrider's
outsiders | outriders
outsides | outsider
outstript | outstrips
overachieves | overachiever
overcook | overbook
overcooked | overbooked
overcooking | overbooking
overcooks | overbooks
oversees | overseer
overt | overs
ox | ow
oxidizes | oxidizer
pH | oh
pa's | pats
pacifies | pacifier
pages | pager
pain's | paints
paint | pains
pales | paler
palm | pall
palm's | pall's
palmed | palled
palming | palling
palms | palls
pan's | pants
panhandles | panhandler
pant | pans
panties | pansies
panty | pansy
panty's | pansy's
par | oar
par's | oar's
par's | parts
pared | oared
paring | oaring
parolee | paroled
pars | oars
parsed | parred
parsed | parsec
parses | parser
parsing | parring
part | pars
partakes | partaker
parted | parsed
parting | parsing
pas | par
pass | pars
passed | parsed
passer | parser
passes | parses
passes | passer
passing | parsing
past | part
past | pass
past's | part's
past's | pass's
pasted | parted
pasted | passed
pastel | passel
pastel's | passel's
pastels | passels
pastes | passes
pasties | parties
pasties | pastier
pasting | parting
pasting | passing
pasts | parts
pasty | party
pasty's | party's
pat | oat
pat | pas
pat's | oat's
path | oath
path's | oath's
paths | oaths
patios | pathos
pats | oats
pats | pass
patted | pasted
pattern | pastern
pattern's | pastern's
patterns | pasterns
patties | pasties
patties | patsies
patting | pasting
patty | pasty
patty | patsy
patty's | pasty's
patty's | patsy's
pawed | paved
pawing | paving
payee | payed
peal | peak
peal's | peak's
pealed | peaked
pealing | peaking
peals | peaks
peas | pear
peat | peas
peddles | peddler
peel | peek
peel's | peek's
peeled | peeked
peeling | peeking
peels | peeks
pees | peer
penes | pends
peninsulas | peninsular
pent | pens
peonies | pennies
peony | penny
peony's | penny's
perjures | perjurer
peskier | perkier
peskiest | perkiest
pesky | perky
pest | pert
pester | perter
phonies | phonier
phooey | phoney
photocopies | photocopier
pi's | pits
pies | pier
piggies | piggier
pikes | piker
pile | pike
pile's | pike's
piled | oiled
piled | piked
piles | pikes
piling | oiling
piling | piking
pin's | pints
pink | oink
pink's | oink's
pinked | oinked
pinking | oinking
pinks | oinks
pint | pins
pipes | piper
pit | pis
pitches | pitcher
pits | piss
pj's | pi's
places | placer
plain's | plaints
plaint | plains
plan's | plants
plane's | planets
planet | planes
plant | plans
platter | plaster
platter's | plaster's
platters | plasters
plea's | pleats
pleat | pleas
pleated | pleased
pleating | pleasing
plunges | plunger
poaches | poacher
pokes | poker
pole | poke
pole's | poke's
poled | poked
poles | pokes
poling | poking
polishes | polisher
pollutes | polluter
pompon | pompom
pompon's | pompom's
pompons | pompoms
pone | pond
pone's | pond's
pones | ponds
popped | pooped
popping | pooping
pops | oops
pose | pore
pose's | pore's
posed | pored
poses | pores
poses | poser
posing | poring
post | port
post's | port's
postage | portage
postage's | portage's
postal | portal
posted | ported
poster | porter
poster's | porter's
posters | porters
posting | porting
posts | ports
pottage | postage
pottage's | postage's
potted | posted
potter | poster
potter's | poster's
potters | posters
potties | pottier
potting | posting
pounded | pounced
pounding | pouncing
pouted | potted
pouting | potting
prances | prancer
prate | orate
prated | orated
prates | orates
prating | orating
preaches | preacher
precises | preciser
preppies | preppier
preserves | preserver
pretence | presence
pretence's | presence's
pretences | presences
pretties | prettier
pride | price
pride's | price's
prided | priced
prides | prices
priding | pricing
primes | primer
privates | privater
privies | privier
procures | procurer
produces | producer
programmes | programmer
promotes | promoter
prompted | promoted
prompter | promoter
prompter's | promoter's
prompters | promoters
prompting | promoting
proposes | proposer
provides | provider
publishes | publisher
pump | pulp
pump's | pulp's
pumped | pulped
pumping | pulping
pumps | pulps
pun's | punts
punt | puns
purchases | purchaser
purifies | purifier
purples | purpler
pursed | purred
purses | purser
pursing | purring
pursues | pursuer
pushes | pusher
pusses | purses
pussies | pussier
put | out
put | pus
put's | out's
put's | pus's
put's | putts
puts | outs
puts | puss
putt | puts
puzzles | puzzler
pwn | own
pwned | owned
pwning | owning
pwns | owns
quadruple's | quadruplets
quadruplet | quadruples
qualifies | qualifier
quantifies | quantifier
quasi | quash
quibbles | quibbler
quintuple's | quintuplets
quintuplet | quintuples
rabbi's | rabbits
rabbit | rabbis
races | racer
radial | racial
radially | racially
rambles | rambler
ran | ram
ranches | rancher
ranges | ranger
rapt | raps
rares | rarer
rashes | rasher
rather | rasher
rattles | rattler
readies | readier
reales | realer
ream | real
ream's | real's
reamer | realer
reams | reals
rebut | rebus
receives | receiver
reclines | recliner
recognizes | recognizer
recommended | recommenced
recommending | recommencing
rectifies | rectifier
reel | reek
reel's | reek's
reeled | reeked
reeling | reeking
reels | reeks
reffed | reefed
reffing | reefing
refines | refiner
reflect | reelect
reflected | reelected
reflecting | reelecting
reflection | reelection
reflection's | reelection's
reflections | reelections
reflects | reelects
refreshes | refresher
refute | refuse
refuted | refused
refutes | refuses
refuting | refusing
regimen's | regiments
regiment | regimens
regrets | regress
relay | relax
relayed | relaxed
relaying | relaxing
remits | remiss
remotes | remoter
removes | remover
rescues | rescuer
researches | researcher
resolves | resolver
restores | restorer
restraint | restrains
retell | resell
retelling | reselling
retells | resells
retiree | retired
retold | resold
retool | retook
retort | resort
retort's | resort's
retorted | resorted
retorting | resorting
retorts | resorts
retrieves | retriever
returnee | returned
reverted | reversed
reverting | reversing
reviles | reviler
revolves | revolver
riches | richer
ride | rice
ride's | rice's
rides | rices
rides | rider
riding | ricing
riff | rife
rime | rile
rimed | riled
rimes | riles
riming | riling
rises | riser
rite | rise
rite's | rise's
rites | rises
roan | roam
roans | roams
roe | rod
roe's | rod's
roes | rods
rotaries | rosaries
rotary | rosary
rotary's | rosary's
rote | rose
rote's | rose's
route | rouse
routed | rotted
routed | roused
routes | rouses
routes | router
routing | rotting
routing | rousing
roves | rover
rowdies | rowdier
rowed | roved
rower | rover
rower's | rover's
rowers | rovers
rowing | roving
rubies | rubier
rules | ruler
run | rum
run's | rum's
run's | runts
runs | rums
runt | runs
rustles | rustler
rutted | rusted
rutting | rusting
sack | rack
sack's | rack's
sacked | racked
sacking | racking
sacks | racks
sad | sac
safes | safer
sag | rag
sag's | rag's
saga | raga
saga's | raga's
sagas | ragas
sage | rage
sage | safe
sage's | rage's
sage's | safe's
sager | safer
sages | rages
sages | safes
sages | sager
sagest | safest
sagged | ragged
sagging | ragging
sags | rags
said | raid
sail | rail
sail's | rail's
sailed | railed
sailing | railing
sailing's | railing's
sailings | railings
sails | rails
sake | rake
sake's | rake's
sale | sake
sale's | sake's
sallied | rallied
sallies | rallies
sally | rally
sally's | rally's
sallying | rallying
salves | salver
same | sale
sames | sales
samples | sampler
sandier | randier
sandiest | randiest
sandy | randy
sane | same
sane | sand
sang | rang
sank | rank
sap | rap
sap's | rap's
sapped | rapped
sapping | rapping
saps | raps
sash | rash
sash's | rash's
sashes | rashes
sat | rat
sate | rate
sated | rated
sates | rates
sating | rating
sauces | saucer
savage | ravage
savage's | ravage's
savaged | ravaged
savages | ravages
savages | savager
savaging | ravaging
save | rave
save's | rave's
saved | raved
saves | raves
saves | saver
saving | raving
saving's | raving's
savings | ravings
savories | savorier
savvies | savvier
saw | raw
saw's | raw's
sawed | saved
sawing | saving
sax | saw
sax's | saw's
say | ray
say | sax
say's | ray's
say's | sax's
says | rays
scale | scald
scale's | scald's
scales | scalds
scamp | scalp
scamp's | scalp's
scamper | scalper
scamper's | scalper's
scampers | scalpers
scamps | scalps
scan | scam
scan's | scam's
scan's | scants
scans | scams
scant | scans
scanties | scantier
scarf | scare
scarf's | scare's
scarfs | scares
scavenges | scavenger
schedules | scheduler
schemes | schemer
scorches | scorcher
scores | scorer
scrambles | scrambler
scrapes | scraper
scribbles | scribbler
scrip's | scripts
script | scrips
scrounges | scrounger
sea's | seats
seal | real
seal's | real's
sealer | realer
seals | reals
seam | ream
seam | seal
seam's | ream's
seam's | seal's
seamed | reamed
seamed | sealed
seaming | reaming
seaming | sealing
seams | reams
seams | seals
sear | rear
sear's | rear's
searches | searcher
seared | reared
searing | rearing
sears | rears
seas | sear
season | reason
season's | reason's
seasonable | reasonable
seasoned | reasoned
seasoning | reasoning
seasoning's | reasoning's
seasons | reasons
seat | seas
secede | recede
seceded | receded
secedes | recedes
seceding | receding
secession | recession
secession's | recession's
seclusive | reclusive
sect | secs
sector | rector
sector's | rector's
sectors | rectors
secures | securer
sedates | sedater
seduce | reduce
seduced | reduced
seduces | reduces
seduces | seducer
seducing | reducing
seduction | reduction
seduction's | reduction's
seductions | reductions
seed | reed
seed's | reed's
seedier | reedier
seediest | reediest
seeds | reeds
seedy | reedy
seek | reek
seeking | reeking
seeks | reeks
seen | seem
sees | seer
send | rend
sender | render
sender's | render's
senders | renders
sending | rending
sends | rends
sent | rent
separation | reparation
separation's | reparation's
separations | reparations
sequences | sequencer
sequester | requester
serf | sere
serves | server
settles | settler
severe | revere
severed | revered
severing | revering
sewer | sever
sewers | severs
sex | sew
sexed | sewed
sexing | sewing
shah | shag
shah's | shag's
shahs | shags
shakes | shaker
shale | shake
shale's | shake's
shame | shale
shame's | shale's
share | shard
share's | shard's
shares | shards
shaves | shaver
shin | shim
shin's | shim's
shines | shiner
shins | shims
shoe | shod
shoot | shoos
shop | shoo
shops | shoos
showed | shoved
showing | shoving
shuffles | shuffler
shunt | shuns
sick | rick
sicked | ricked
sicking | ricking
sicks | ricks
side | ride
side's | ride's
sidecar | sidebar
sidecar's | sidebar's
sidecars | sidebars
sides | rides
sidewall | sidewalk
sidewall's | sidewalk's
sidewalls | sidewalks
siding | riding
siding's | riding's
sift | rift
sifted | rifted
sifting | rifting
sifts | rifts
sigh's | sights
sight | right
sight | sighs
sight's | right's
sighted | righted
sighting | righting
sights | rights
silences | silencer
sill | rill
sill | silk
sill's | rill's
sill's | silk's
sillier | silkier
sillies | sillier
silliest | silkiest
sills | rills
sills | silks
silly | silky
sim | rim
sim's | rim's
sims | rims
sin | sim
sin's | sim's
sing | ring
sing's | ring's
singed | ringed
singer | ringer
singer's | ringer's
singers | ringers
singes | singer
singing | ringing
sings | rings
sink | rink
sink's | rink's
sinks | rinks
sins | sims
sip | rip
sip's | rip's
sipped | ripped
sipping | ripping
sips | rips
sired | shred
sis | sir
sis's | sir's
sises | rises
sises | sires
sissies | sissier
sit | sis
site | rite
site's | rite's
sites | rites
sites | sises
sitter | sister
sitter's | sister's
sitters | sisters
sizes | sizer
skates | skater
ski's | skits
skies | skids
skies | skier
skin | skim
skin's | skim's
skins | skims
skit | skis
skull | skulk
skulls | skulks
skydives | skydiver
slate | skate
slate's | skate's
slated | skated
slates | skates
slating | skating
slaves | slaver
sleet | skeet
sleet's | skeet's
slew | skew
slew's | skew's
slewed | skewed
slewing | skewing
slews | skews
slices | slicer
slid | skid
slide | slice
slide's | slice's
slider | slicer
slider's | slicer's
sliders | slicers
slides | slices
slides | slider
sliding | slicing
slier | skier
slim | skim
slimmed | skimmed
slimming | skimming
slims | skims
slimy | slily
slip | skip
slip's | skip's
slipped | skipped
slipper | skipper
slipper's | skipper's
slippers | skippers
slipping | skipping
slips | skips
slit | skit
slit's | skit's
slits | skits
slitter | skitter
sloth | slosh
slunk | skunk
sly | sky
smack | slack
smack's | slack's
smacked | slacked
smacker | slacker
smacker's | slacker's
smackers | slackers
smacking | slacking
smacks | slacks
smash | slash
smash's | slash's
smashed | slashed
smashes | slashes
smashing | slashing
smit | slit
smog | slog
smog's | slog's
smokes | smoker
smoothes | smoother
smudge | sludge
smudge's | sludge's
smug | slug
smugger | slugger
smuggles | smuggler
smut | slut
smut's | slut's
smuts | sluts
snack | smack
snack's | smack's
snacked | smacked
snacking | smacking
snacks | smacks
snipes | sniper
snit | smit
snores | snorer
snug | smug
snugger | smugger
snuggest | smuggest
snuggle | smuggle
snuggled | smuggled
snuggles | smuggles
snuggling | smuggling
snugly | smugly
so's | sots
soaked | snaked
soaking | snaking
soap | snap
soap's | snap's
soaps | snaps
soar | roar
soar's | roar's
soared | roared
soared | snared
soaring | roaring
soaring | snaring
soars | roars
sob | rob
sobbed | robbed
sobbing | robbing
sobs | robs
sock | rock
sock's | rock's
socked | rocked
socket | rocket
socket's | rocket's
sockets | rockets
socking | rocking
socks | rocks
sod | rod
sod's | rod's
sods | rods
soil | roil
soiled | roiled
soiling | roiling
soils | roils
sole | role
sole | sold
sole's | role's
soles | roles
solves | solver
some | sole
soot | root
soot | snot
soot's | root's
soot's | snot's
sorceress | sorcerers
sores | sorer
sot | rot
sot | sos
sot's | rot's
sots | rots
sough | rough
sough's | rough's
soughed | roughed
soughing | roughing
soughs | roughs
sought | soughs
sound | round
sound's | round's
sounded | rounded
sounder | rounder
soundest | roundest
sounding | rounding
soundly | roundly
soundness | roundness
soundness's | roundness's
sounds | rounds
souse | rouse
soused | roused
soused | soured
souses | rouses
sousing | rousing
sousing | souring
sow | row
sow's | row's
sowed | rowed
sower | rower
sower's | rower's
sowers | rowers
sowing | rowing
sows | rows
sox | sow
soy | sox
spa's | spats
spade | space
spade's | space's
spaded | spaced
spades | spaces
spading | spacing
span | spam
span's | spam's
spans | spams
spar | soar
spar's | soar's
spared | soared
spares | sparer
sparing | soaring
sparkles | sparkler
spars | soars
spas | spar
spat | spas
specifies | specifier
sped | spec
spine's | spinets
spinet | spines
splices | splicer
spoilt | spoils
sponges | sponger
spool | spook
spool's | spook's
spooled | spooked
spooling | spooking
spools | spooks
spot | soot
spot's | soot's
spouted | spotted
spouting | spotting
sprinkles | sprinkler
spruces | sprucer
spur | sour
spur's | sour's
spur's | spurts
spurs | sours
spurt | spurs
spy | soy
spy's | soy's
squares | squarer
squeal | squeak
squeal's | squeak's
squealed | squeaked
squealing | squeaking
squeals | squeaks
squeezes | squeezer
stabilizes | stabilizer
stables | stabler
stale | stake
staled | staked
stales | stakes
stales | staler
staling | staking
stall | stalk
stall's | stalk's
stalled | stalked
stalling | stalking
stalls | stalks
stanches | stancher
staples | stapler
star's | starts
starlets | starless
start | stars
states | stater
statuses | statures
statutes | statuses
staunches | stauncher
steadies | steadier
steal | steak
steal's | steak's
steals | steaks
steam | steal
steam's | steal's
steaming | stealing
steams | steals
sterilizes | sterilizer
stickies | stickier
stokes | stoker
stole | stoke
stoles | stokes
stones | stoner
stopped | stooped
stopping | stooping
straggles | straggler
strangles | strangler
stretches | stretcher
strikes | striker
stript | strips
stumbles | stumbler
stunt | stuns
suave | stave
sub | rub
sub's | rub's
subbed | rubbed
subbing | rubbing
sublimes | sublimer
subs | rubs
subscribes | subscriber
sue | rue
sued | rued
sues | rues
sues | suds
suet | sues
suing | ruing
suing | sting
sulkies | sulkier
sullies | sulkies
sully | sulky
sum | rum
sum's | rum's
summer | rummer
sump | rump
sump | sumo
sump's | rump's
sump's | sumo's
sumps | rumps
sums | rums
sun | run
sun | sum
sun's | run's
sun's | sum's
sunbathes | sunbather
sunburnt | sunburns
sundown | rundown
sundown's | rundown's
sundowns | rundowns
sung | rung
sunnier | runnier
sunniest | runniest
sunning | running
sunny | runny
suns | runs
suns | sums
supercharges | supercharger
supplies | supplier
surf | sure
surged | surfed
surging | surfing
swan | swam
swath | swash
swath's | swash's
swathed | swashed
swathes | swashes
swathing | swashing
swelter | svelter
swindles | swindler
swishes | swisher
switches | switcher
swopped | swooped
swopping | swooping
swore | sword
sympathizes | sympathizer
synthesizes | synthesizer
table | sable
table's | sable's
table's | tablets
tables | sables
tablet | tables
tack | sack
tack's | sack's
tacked | sacked
tacking | sacking
tackles | tackler
tacks | sacks
tad | sad
tag | sag
tag's | sag's
tagged | sagged
tagging | sagging
tags | sags
tail | sail
tail's | sail's
tailed | sailed
tailing | sailing
tailor | sailor
tailor's | sailor's
tailors | sailors
tails | sails
taint | saint
taint's | saint's
taints | saints
take | sake
take's | sake's
takes | taker
tale | sale
tale | take
tale's | sale's
tale's | take's
tales | sales
tales | takes
tall | talk
taller | talker
tallied | sallied
tallies | sallies
tallow | sallow
tally | sally
tally's | sally's
tallying | sallying
talon | salon
talon's | salon's
talons | salons
tame | same
tame | tale
tameness | sameness
tameness's | sameness's
tames | sames
tames | tales
tames | tamer
tan | tam
tan's | tam's
tang | sang
tank | sank
tans | sans
tans | tams
tap | sap
tap's | sap's
tapes | taper
tapped | sapped
tapping | sapping
taps | saps
tar's | tarts
taro's | tarots
tarot | taros
tarp | taro
tarp's | taro's
tarps | taros
tarries | tarrier
tart | tars
taster | tarter
tastes | taster
tat | sat
tatted | tasted
tatter | taster
tatter's | taster's
tatters | tasters
tatting | tasting
tattles | tattler
tatty | tasty
tauter | tatter
tax | sax
tax's | sax's
taxes | saxes
tea | sea
tea's | sea's
tea's | teats
teaches | teacher
teal | seal
teal | teak
teal's | seal's
teal's | teak's
teals | seals
teals | teaks
team | seam
team | teal
team's | seam's
team's | teal's
teamed | seamed
teaming | seaming
teams | seams
teams | teals
tear | sear
tear's | sear's
teared | seared
tearing | searing
tears | sears
teas | seas
teas | tear
teased | teared
teases | teaser
teasing | tearing
teat | seat
teat | teas
teat's | seat's
teats | seats
tee | see
tee's | see's
teed | seed
teeing | seeing
teem | seem
teemed | seemed
teeming | seeming
teems | seems
teen | seen
teen | teem
teens | teems
tees | sees
teethe | seethe
teethed | seethed
teethes | seethes
teething | seething
telecommutes | telecommuter
tell | sell
teller | seller
teller's | seller's
tellers | sellers
telling | selling
tells | sells
temp's | tempts
tempt | temps
ten's | tents
tend | send
tender | sender
tender's | sender's
tenderizes | tenderizer
tenders | senders
tending | sending
tends | sends
tense | sense
tense's | sense's
tensed | sensed
tenses | senses
tenses | tenser
tensing | sensing
tensor | sensor
tensors | sensors
tent | sent
tent | tens
tented | tensed
tenting | tensing
tern | term
tern's | term's
terns | terms
testes | tester
texting | sexting
thank | shank
thanks | shanks
that | shat
thatches | thatcher
the | she
then | them
these | there
thin | shin
thine | shine
thinned | shinned
thinness | thinners
thinnest | thinness
thinning | shinning
thins | shins
thorn | shorn
thrashes | thrasher
threshes | thresher
threw | shrew
thrift | shrift
thrift's | shrift's
thrill | shrill
thrilled | shrilled
thriller | shriller
thrilling | shrilling
thrills | shrills
thrive | shrive
thrived | shrived
thriven | shriven
thrives | shrives
thriving | shriving
throughput | throughout
throve | shrove
thy | shy
ti's | tits
tic | sic
tick | sick
ticked | sicked
ticker | sicker
ticking | sicking
tickle | sickle
tickle's | sickle's
tickles | sickles
ticks | sicks
tics | sics
tide | side
tide's | side's
tided | sided
tides | sides
tidies | tidier
tiding | siding
tidings | sidings
tie | the
tieing | tiding
ties | tier
tight | sight
tights | sights
tile | tike
tile's | tike's
tiles | tikes
till | sill
till's | sill's
tills | sills
tilt | silt
tilt's | silt's
tilted | silted
tilting | silting
tilts | silts
time | tile
time's | tile's
timed | tiled
times | tiles
times | timer
timing | tiling
timing's | tiling's
tin | sin
tin's | sin's
tin's | tints
tine | sine
tine | time
tine's | time's
tines | times
ting | sing
tinge | singe
tinge's | singe's
tinged | singed
tingeing | singeing
tinges | singes
tinging | singing
tingle | single
tingle's | single's
tingled | singled
tingles | singles
tingling | singling
tingly | singly
tings | sings
tinker | sinker
tinker's | sinker's
tinkers | sinkers
tinned | sinned
tinning | sinning
tins | sins
tint | tins
tip | sip
tip's | sip's
tipped | sipped
tipping | sipping
tipples | tippler
tips | sips
tire | sire
tire's | sire's
tired | sired
tires | sires
tiring | siring
tit | sit
tits | sits
titter | sitter
titter's | sitter's
titters | sitters
to | so
toddles | toddler
toil | soil
toil's | soil's
toiled | soiled
toiling | soiling
toils | soils
told | sold
tome | some
ton | son
ton | tom
ton's | son's
ton's | tom's
tone | tome
tone's | tome's
tones | tomes
tones | toner
tong | song
tong's | song's
tongs | songs
tonic | sonic
tons | sons
tons | toms
too | ton
tool | took
